program_id,product_name,price_usd,lessons,instructor,paste_payment_link_into_catalog_field
foundations,Foundations,569,8,Tyler (Owen Cook),stripePaymentLink
transformations,Transformations,497,12,"Multi-instructor RSD, with special guests Ozzie & Hoobie",stripePaymentLink
blueprint-decoded,The Blueprint Decoded,749,20,Tyler (Owen Cook),stripePaymentLink
hot-seat-at-home,Hot Seat at Home,597,20,Tyler (Owen Cook),stripePaymentLink
pimp,PIMP,497,42,Julien Blanc,stripePaymentLink
shift,SHIFT (Making a SHIFT),597,32,Julien Blanc,stripePaymentLink
tengame,TenGame (The Ten Game),597,83,Julien Blanc,stripePaymentLink
jeffy-show,The Jeffy Show,447,6,Jeffy (Jeffrey Allen),stripePaymentLink
resonator,The Resonator,497,19,Jeffy (Jeffrey Allen),stripePaymentLink
execute-the-program-2,Execute the Program,497,61,Jeffy (Jeffrey Allen),stripePaymentLink
social-circle-blueprint,Social Circle Blueprint,597,110,Luke,stripePaymentLink
boss,BOSS (The Boss),597,84,Madison,stripePaymentLink
get-your-ten,Get Your Ten,597,93,Madison,stripePaymentLink
owens-last-game,Owen's Last Game Program,597,30,Tyler (Owen Cook),stripePaymentLink
social-circle-hacking,Social Circle Hacking,497,24,RSD,stripePaymentLink
influence-mastery,Influence Mastery Program,597,27,RSD,stripePaymentLink
